game_name,game iter,trial_no,tool,posx,posy,success,total_attempt
Trap,0,1,obj1,378.58707408323824,383.97796989863576,True,8
Trap,0,2,obj3,381.5835867191166,376.8550484357514,True,8
Trap,0,3,obj3,404.43795266266903,403.64290500273796,True,8
Trap,0,4,obj2,239.7360593229344,525.3561177054662,True,8
Trap,0,5,obj3,544.0,553.0,True,8
Trap,0,6,obj3,543.7793652355091,530.5888523904587,True,8
Trap,0,7,obj3,554.4012168904195,545.713704259142,True,8
Trap,0,8,obj3,96.0,541.0,True,8
