game_name,accuracy,average_tries
Bridge,34.0,9.29646017699115
Catapult,50.0,9.15929203539823
Chaining,36.0,9.408577878103838
Collapse,98.0,4.701388888888889
Launch_A,78.0,7.676113360323886
Remove,76.0,8.05521472392638
SeeSaw,16.000000000000004,9.763313609467456
Table_A,19.999999999999996,9.764132553606238
