game_name,accuracy,average_tries
Balance,26.0,9.646586345381525
Falling_B,72.0,8.518005540166206
Falling_v2,54.0,9.048426150121065
Launch_B,40.0,9.353846153846154
Shove,100.0,4.269565217391304
Table_B,0.0,10.0
Table_v2,48.0,8.990291262135923
Unsupport,90.0,6.756521739130434
