game_name,accuracy,average_tries
Bridge,68.75,4.515625
Catapult,93.75,2.6666666666666665
Chaining,75.0,4.306818181818182
Collapse,100.0,1.4782608695652173
Launch_A,100.0,1.6551724137931034
Remove,100.0,2.1470588235294117
SeeSaw,66.66666666666666,4.5
Table_A,62.5,4.578313253012048
