game_name,accuracy,average_tries
Balance,48.64864864864865,4.837301587301587
Falling_B,48.57142857142857,4.854330708661418
Falling_v2,69.44444444444444,4.215909090909091
Launch_B,22.22222222222222,5.32051282051282
Shove,88.57142857142857,2.758241758241758
Table_B,18.421052631578945,5.223300970873787
Table_v2,66.66666666666666,4.631578947368421
Unsupport,74.28571428571429,3.9940119760479043
