game_name,accuracy,average_tries
Bridge,87.5,3.727272727272727
Catapult,87.5,3.716666666666667
Chaining,81.25,4.3604651162790695
Collapse,100.0,1.5862068965517242
Launch_A,87.5,3.588235294117647
Remove,100.0,2.8333333333333335
SeeSaw,52.94117647058824,4.735849056603773
Table_A,93.75,2.46875
