game_name,accuracy,average_tries
Bridge,40.0,9.21923937360179
Catapult,46.0,9.27803738317757
Chaining,54.0,8.854922279792746
Collapse,100.0,3.603448275862069
Launch_A,88.0,6.832599118942731
Remove,65.99999999999999,8.585106382978724
SeeSaw,2.0000000000000018,9.983576642335766
Table_A,31.999999999999996,9.496746203904555
